resource,model,condition,stratum,n_sites,RMSE,MAE,MASE,skill_vs_snaive
electricity,SARIMA,unweighted,all,4889,1092.1425,932.2384,0.9901,-0.04548
electricity,SARIMA,unweighted,boundary,421,860.1611,745.3309,0.9977,0.00737
electricity,SARIMA,unweighted,non_boundary,4468,1114.001,949.8499,0.9894,-0.05046
electricity,SARIMA,gat_weighted,all,4889,1094.5657,934.5461,1.0191,-0.0856
electricity,SARIMA,gat_weighted,boundary,421,888.3016,772.1298,1.3346,-0.45859
electricity,SARIMA,gat_weighted,non_boundary,4468,1114.001,949.8499,0.9894,-0.05046
electricity,SARIMA,random_control,all,4889,1529.4573,1373.1611,2.7768,-1.87236
electricity,SARIMA,random_control,boundary,421,1285.5542,1164.7065,5.3043,-4.78685
electricity,SARIMA,random_control,non_boundary,4468,1552.4392,1392.8029,2.5387,-1.59774
electricity,SARIMA,random_control_calibrated,all,4889,1267.3847,1109.9079,1.8046,-0.89525
electricity,SARIMA,random_control_calibrated,boundary,421,1012.47,892.3936,3.0617,-2.33231
electricity,SARIMA,random_control_calibrated,non_boundary,4468,1291.4042,1130.4033,1.6862,-0.75984
electricity,SARIMA,equal_weight_neighbour,all,4889,1094.2519,934.2337,1.0258,-0.09091
electricity,SARIMA,equal_weight_neighbour,boundary,421,884.6571,768.5014,1.4126,-0.52027
electricity,SARIMA,equal_weight_neighbour,non_boundary,4468,1114.001,949.8499,0.9894,-0.05046
electricity,xLSTM,unweighted,all,4889,1263.3871,1052.4616,1.132,-0.22334
electricity,xLSTM,unweighted,boundary,421,1116.433,927.8508,1.2283,-0.28834
electricity,xLSTM,unweighted,non_boundary,4468,1277.2339,1064.2032,1.1229,-0.21721
electricity,xLSTM,gat_weighted,all,4889,1265.4394,1054.4413,1.1605,-0.26291
electricity,xLSTM,gat_weighted,boundary,421,1140.2665,950.8401,1.5598,-0.74781
electricity,xLSTM,gat_weighted,non_boundary,4468,1277.2339,1064.2032,1.1229,-0.21721
electricity,xLSTM,random_control,all,4889,1607.4848,1368.6931,2.8251,-1.98872
electricity,xLSTM,random_control,boundary,421,1501.6627,1315.5766,5.4679,-5.00611
electricity,xLSTM,random_control,non_boundary,4468,1617.4559,1373.698,2.5761,-1.70441
electricity,xLSTM,random_control_calibrated,all,4889,1384.1605,1152.6403,1.9072,-1.05198
electricity,xLSTM,random_control_calibrated,boundary,421,1256.8979,1068.563,3.2831,-2.60263
electricity,xLSTM,random_control_calibrated,non_boundary,4468,1396.1519,1160.5625,1.7775,-0.90587
electricity,xLSTM,equal_weight_neighbour,all,4889,1265.1508,1054.1566,1.1671,-0.26816
electricity,xLSTM,equal_weight_neighbour,boundary,421,1136.915,947.5342,1.6363,-0.80879
electricity,xLSTM,equal_weight_neighbour,non_boundary,4468,1277.2339,1064.2032,1.1229,-0.21721
electricity,TimesFM,unweighted,all,4889,1111.1267,936.4789,0.9606,-0.02737
electricity,TimesFM,unweighted,boundary,421,882.7621,757.5316,0.9678,-0.00259
electricity,TimesFM,unweighted,non_boundary,4468,1132.6445,953.3404,0.96,-0.02971
electricity,TimesFM,gat_weighted,all,4889,1113.6844,939.0739,0.9904,-0.06778
electricity,TimesFM,gat_weighted,boundary,421,912.464,787.6669,1.3133,-0.47191
electricity,TimesFM,gat_weighted,non_boundary,4468,1132.6445,953.3404,0.96,-0.02971
electricity,TimesFM,random_control,all,4889,1540.1273,1389.2637,2.7277,-1.80804
electricity,TimesFM,random_control,boundary,421,1306.6458,1184.8962,5.2456,-4.74105
electricity,TimesFM,random_control,non_boundary,4468,1562.1273,1408.5204,2.4904,-1.53167
electricity,TimesFM,random_control_calibrated,all,4889,1285.9682,1126.72,1.7767,-0.85764
electricity,TimesFM,random_control_calibrated,boundary,421,1042.4596,918.7273,3.0435,-2.33283
electricity,TimesFM,random_control_calibrated,non_boundary,4468,1308.913,1146.3182,1.6574,-0.71863
electricity,TimesFM,equal_weight_neighbour,all,4889,1113.3565,938.7391,0.9969,-0.07301
electricity,TimesFM,equal_weight_neighbour,boundary,421,908.6564,783.7789,1.389,-0.53265
electricity,TimesFM,equal_weight_neighbour,non_boundary,4468,1132.6445,953.3404,0.96,-0.02971
electricity,Nexus,unweighted,all,4889,1016.6314,857.5076,0.8701,0.04398
electricity,Nexus,unweighted,boundary,421,852.5963,728.6603,0.9048,0.04544
electricity,Nexus,unweighted,non_boundary,4468,1032.0878,869.6483,0.8668,0.04384
electricity,Nexus,gat_weighted,all,4889,1019.2952,860.0937,0.9001,0.00333
electricity,Nexus,gat_weighted,boundary,421,883.5298,758.6927,1.253,-0.42665
electricity,Nexus,gat_weighted,non_boundary,4468,1032.0878,869.6483,0.8668,0.04384
electricity,Nexus,random_control,all,4889,1491.6256,1347.1417,2.7132,-1.80916
electricity,Nexus,random_control,boundary,421,1298.4942,1178.6502,5.2523,-4.75198
electricity,Nexus,random_control,non_boundary,4468,1509.8235,1363.0179,2.474,-1.53188
electricity,Nexus,random_control_calibrated,all,4889,1218.3729,1064.3947,1.7305,-0.8344
electricity,Nexus,random_control_calibrated,boundary,421,1025.2295,901.7128,3.0247,-2.32555
electricity,Nexus,random_control_calibrated,non_boundary,4468,1236.572,1079.7235,1.6086,-0.6939
electricity,Nexus,equal_weight_neighbour,all,4889,1018.9582,859.7716,0.9066,-0.0019
electricity,Nexus,equal_weight_neighbour,boundary,421,879.6162,754.9522,1.3294,-0.48739
electricity,Nexus,equal_weight_neighbour,non_boundary,4468,1032.0878,869.6483,0.8668,0.04384
carbon,SARIMA,unweighted,all,4889,30.7378,25.7762,0.8567,-0.21585
carbon,SARIMA,unweighted,boundary,421,33.364,27.6954,0.8976,-0.24966
carbon,SARIMA,unweighted,non_boundary,4468,30.4904,25.5954,0.8528,-0.21266
carbon,SARIMA,gat_weighted,all,4889,30.7285,25.767,0.8563,-0.21441
carbon,SARIMA,gat_weighted,boundary,421,33.256,27.589,0.8935,-0.23293
carbon,SARIMA,gat_weighted,non_boundary,4468,30.4904,25.5954,0.8528,-0.21266
carbon,SARIMA,random_control,all,4889,31.638,26.6238,1.0023,-0.26629
carbon,SARIMA,random_control,boundary,421,35.7637,30.1532,1.0379,-0.30036
carbon,SARIMA,random_control,non_boundary,4468,31.2492,26.2913,0.999,-0.26308
carbon,SARIMA,random_control_calibrated,all,4889,30.7169,25.7035,0.8856,-0.17745
carbon,SARIMA,random_control_calibrated,boundary,421,34.0059,28.2739,0.9227,-0.18358
carbon,SARIMA,random_control_calibrated,non_boundary,4468,30.407,25.4613,0.8821,-0.17687
carbon,SARIMA,equal_weight_neighbour,all,4889,30.7324,25.7704,0.8566,-0.21473
carbon,SARIMA,equal_weight_neighbour,boundary,421,33.301,27.628,0.8964,-0.23671
carbon,SARIMA,equal_weight_neighbour,non_boundary,4468,30.4904,25.5954,0.8528,-0.21266
carbon,xLSTM,unweighted,all,4889,34.1437,27.8913,0.9149,-0.22737
carbon,xLSTM,unweighted,boundary,421,38.6736,32.0978,0.9877,-0.27689
carbon,xLSTM,unweighted,non_boundary,4468,33.7169,27.4949,0.908,-0.22271
carbon,xLSTM,gat_weighted,all,4889,34.1329,27.8787,0.9144,-0.22617
carbon,xLSTM,gat_weighted,boundary,421,38.5473,31.9517,0.9823,-0.26292
carbon,xLSTM,gat_weighted,non_boundary,4468,33.7169,27.4949,0.908,-0.22271
carbon,xLSTM,random_control,all,4889,35.6489,29.586,1.1459,-0.48489
carbon,xLSTM,random_control,boundary,421,40.8246,34.1115,1.1303,-0.49034
carbon,xLSTM,random_control,non_boundary,4468,35.1612,29.1596,1.1474,-0.48438
carbon,xLSTM,random_control_calibrated,all,4889,34.4351,28.3535,1.0032,-0.29496
carbon,xLSTM,random_control_calibrated,boundary,421,39.1409,32.5287,1.0178,-0.30301
carbon,xLSTM,random_control_calibrated,non_boundary,4468,33.9917,27.9601,1.0019,-0.2942
carbon,xLSTM,equal_weight_neighbour,all,4889,34.1343,27.8804,0.9145,-0.22632
carbon,xLSTM,equal_weight_neighbour,boundary,421,38.5643,31.9719,0.9839,-0.26469
carbon,xLSTM,equal_weight_neighbour,non_boundary,4468,33.7169,27.4949,0.908,-0.22271
carbon,TimesFM,unweighted,all,4889,29.1274,24.2332,0.7788,0.00465
carbon,TimesFM,unweighted,boundary,421,32.0836,26.5847,0.796,-0.01552
carbon,TimesFM,unweighted,non_boundary,4468,28.8489,24.0116,0.7772,0.00655
carbon,TimesFM,gat_weighted,all,4889,29.1087,24.2136,0.7782,0.00525
carbon,TimesFM,gat_weighted,boundary,421,31.8667,26.3579,0.7888,-0.00861
carbon,TimesFM,gat_weighted,non_boundary,4468,28.8489,24.0116,0.7772,0.00655
carbon,TimesFM,random_control,all,4889,31.0155,26.1653,1.0204,-0.36653
carbon,TimesFM,random_control,boundary,421,33.923,28.3475,0.9328,-0.32152
carbon,TimesFM,random_control,non_boundary,4468,30.7415,25.9596,1.0286,-0.37078
carbon,TimesFM,random_control_calibrated,all,4889,29.6292,24.8008,0.8705,-0.14381
carbon,TimesFM,random_control_calibrated,boundary,421,32.4209,26.871,0.8204,-0.12159
carbon,TimesFM,random_control_calibrated,non_boundary,4468,29.3662,24.6057,0.8752,-0.14591
carbon,TimesFM,equal_weight_neighbour,all,4889,29.1083,24.2134,0.7782,0.00526
carbon,TimesFM,equal_weight_neighbour,boundary,421,31.8621,26.3547,0.7895,-0.00843
carbon,TimesFM,equal_weight_neighbour,non_boundary,4468,28.8489,24.0116,0.7772,0.00655
carbon,Nexus,unweighted,all,4889,27.045,22.5074,0.7279,0.04896
carbon,Nexus,unweighted,boundary,421,30.2697,25.2669,0.7835,-0.00631
carbon,Nexus,unweighted,non_boundary,4468,26.7412,22.2473,0.7227,0.05416
carbon,Nexus,gat_weighted,all,4889,27.0253,22.4882,0.7273,0.0501
carbon,Nexus,gat_weighted,boundary,421,30.0403,25.044,0.7764,0.00692
carbon,Nexus,gat_weighted,non_boundary,4468,26.7412,22.2473,0.7227,0.05416
carbon,Nexus,random_control,all,4889,28.7309,24.1178,0.9495,-0.27039
carbon,Nexus,random_control,boundary,421,32.0047,27.1686,0.9186,-0.25515
carbon,Nexus,random_control,non_boundary,4468,28.4225,23.8303,0.9524,-0.27182
carbon,Nexus,random_control_calibrated,all,4889,27.3578,22.7976,0.8035,-0.05856
carbon,Nexus,random_control_calibrated,boundary,421,30.45,25.5537,0.8048,-0.06692
carbon,Nexus,random_control_calibrated,non_boundary,4468,27.0664,22.5379,0.8034,-0.05777
carbon,Nexus,equal_weight_neighbour,all,4889,27.0264,22.4892,0.7274,0.05001
carbon,Nexus,equal_weight_neighbour,boundary,421,30.0528,25.0555,0.7779,0.00595
carbon,Nexus,equal_weight_neighbour,non_boundary,4468,26.7412,22.2473,0.7227,0.05416
water,SARIMA,unweighted,all,4889,37.4835,31.6864,0.7229,0.00918
water,SARIMA,unweighted,boundary,484,33.5318,28.2496,0.6366,0.17511
water,SARIMA,unweighted,non_boundary,4405,37.9177,32.064,0.7324,-0.00906
water,SARIMA,gat_weighted,all,4889,37.4718,31.6786,0.7227,0.00937
water,SARIMA,gat_weighted,boundary,484,33.4131,28.1716,0.6348,0.17707
water,SARIMA,gat_weighted,non_boundary,4405,37.9177,32.064,0.7324,-0.00906
water,SARIMA,random_control,all,4889,37.0551,31.4543,0.7182,0.00707
water,SARIMA,random_control,boundary,484,32.5561,27.4501,0.6206,0.19299
water,SARIMA,random_control,non_boundary,4405,37.5494,31.8943,0.7289,-0.01336
water,SARIMA,random_control_calibrated,all,4889,37.2106,31.5235,0.7197,0.0093
water,SARIMA,random_control_calibrated,boundary,484,32.9689,27.7902,0.6274,0.18572
water,SARIMA,random_control_calibrated,non_boundary,4405,37.6766,31.9337,0.7299,-0.01008
water,SARIMA,equal_weight_neighbour,all,4889,37.4719,31.6786,0.7227,0.00937
water,SARIMA,equal_weight_neighbour,boundary,484,33.4141,28.1714,0.6348,0.17707
water,SARIMA,equal_weight_neighbour,non_boundary,4405,37.9177,32.064,0.7324,-0.00906
water,xLSTM,unweighted,all,4889,50.5867,42.1166,0.9415,-0.38199
water,xLSTM,unweighted,boundary,484,47.902,40.131,0.8945,-0.20256
water,xLSTM,unweighted,non_boundary,4405,50.8817,42.3348,0.9467,-0.4017
water,xLSTM,gat_weighted,all,4889,50.5707,42.1021,0.9412,-0.38151
water,xLSTM,gat_weighted,boundary,484,47.7402,39.9847,0.8915,-0.1977
water,xLSTM,gat_weighted,non_boundary,4405,50.8817,42.3348,0.9467,-0.4017
water,xLSTM,random_control,all,4889,49.098,40.9306,0.9156,-0.32966
water,xLSTM,random_control,boundary,484,47.3441,39.6378,0.8844,-0.18433
water,xLSTM,random_control,non_boundary,4405,49.2908,41.0727,0.9191,-0.34562
water,xLSTM,random_control_calibrated,all,4889,49.7509,41.4577,0.9272,-0.35302
water,xLSTM,random_control_calibrated,boundary,484,47.5614,39.8394,0.8885,-0.19178
water,xLSTM,random_control_calibrated,non_boundary,4405,49.9915,41.6355,0.9315,-0.37074
water,xLSTM,equal_weight_neighbour,all,4889,50.5708,42.1021,0.9412,-0.38151
water,xLSTM,equal_weight_neighbour,boundary,484,47.7413,39.9845,0.8915,-0.19773
water,xLSTM,equal_weight_neighbour,non_boundary,4405,50.8817,42.3348,0.9467,-0.4017
water,TimesFM,unweighted,all,4889,36.2677,28.6201,0.6292,0.06134
water,TimesFM,unweighted,boundary,484,36.505,29.2333,0.6393,0.10659
water,TimesFM,unweighted,non_boundary,4405,36.2416,28.5527,0.6281,0.05636
water,TimesFM,gat_weighted,all,4889,36.2682,28.6158,0.6291,0.0613
water,TimesFM,gat_weighted,boundary,484,36.5102,29.1904,0.6384,0.10619
water,TimesFM,gat_weighted,non_boundary,4405,36.2416,28.5527,0.6281,0.05636
water,TimesFM,random_control,all,4889,36.4573,28.8866,0.6347,0.04931
water,TimesFM,random_control,boundary,484,36.521,29.3897,0.6435,0.10303
water,TimesFM,random_control,non_boundary,4405,36.4503,28.8313,0.6337,0.04341
water,TimesFM,random_control_calibrated,all,4889,36.3108,28.66,0.6299,0.05662
water,TimesFM,random_control_calibrated,boundary,484,36.4711,29.2615,0.6402,0.10578
water,TimesFM,random_control_calibrated,non_boundary,4405,36.2932,28.5939,0.6288,0.05121
water,TimesFM,equal_weight_neighbour,all,4889,36.2684,28.6159,0.6291,0.06129
water,TimesFM,equal_weight_neighbour,boundary,484,36.5128,29.1914,0.6384,0.10612
water,TimesFM,equal_weight_neighbour,non_boundary,4405,36.2416,28.5527,0.6281,0.05636
water,Nexus,unweighted,all,4889,31.2324,24.4634,0.5448,0.20164
water,Nexus,unweighted,boundary,484,31.7211,25.3586,0.5558,0.2283
water,Nexus,unweighted,non_boundary,4405,31.1787,24.365,0.5436,0.19871
water,Nexus,gat_weighted,all,4889,31.2287,24.4581,0.5447,0.2017
water,Nexus,gat_weighted,boundary,484,31.6837,25.3045,0.5548,0.2289
water,Nexus,gat_weighted,non_boundary,4405,31.1787,24.365,0.5436,0.19871
water,Nexus,random_control,all,4889,31.2563,24.4244,0.5434,0.19229
water,Nexus,random_control,boundary,484,31.4327,25.0678,0.55,0.23215
water,Nexus,random_control,non_boundary,4405,31.2369,24.3537,0.5427,0.18791
water,Nexus,random_control_calibrated,all,4889,31.1689,24.3382,0.542,0.19891
water,Nexus,random_control_calibrated,boundary,484,31.5149,25.1455,0.5515,0.23171
water,Nexus,random_control_calibrated,non_boundary,4405,31.1309,24.2495,0.5409,0.1953
water,Nexus,equal_weight_neighbour,all,4889,31.229,24.4584,0.5447,0.2017
water,Nexus,equal_weight_neighbour,boundary,484,31.6875,25.3075,0.5548,0.22882
water,Nexus,equal_weight_neighbour,non_boundary,4405,31.1787,24.365,0.5436,0.19871
