resource,region,SeasonalNaive_RMSE,SeasonalNaive_MAE,SeasonalNaive_MASE,SARIMA_RMSE,SARIMA_MASE,SARIMA_skill,xLSTM_RMSE,xLSTM_MASE,xLSTM_skill,TimesFM_RMSE,TimesFM_MASE,TimesFM_skill,Nexus_RMSE,Nexus_MASE,Nexus_skill
electricity,AUT,591.5657190879133,518.3333333333334,0.8864457678017,708.3636384716317,0.9768838564564292,-0.19743862028347348,511.65636161446747,0.7242609270050876,0.1350811159183658,423.902955827546,0.5942679802418944,0.2834220406126182,418.89934884936355,0.5892943459879371,0.291880284247657
electricity,BEL,697.3103087339715,559.1666666666666,0.6581196581196581,507.15302089433885,0.535093939266779,0.27270109943574483,1116.376518350147,1.1587733252970165,-0.6009752105587358,717.3515481630928,0.6855941500937018,-0.028740776062106344,616.8031672356365,0.5241655022352704,0.11545382377108815
electricity,BGR,301.37186331839274,264.1666666666667,0.6076538645854728,222.96143258661786,0.4757874703423083,0.2601783387088661,357.6893934257854,0.6555432890151466,-0.18687056411730918,445.33369716901353,0.8416219334587014,-0.4776883689985627,316.6448983818298,0.5659942378333163,-0.05067837088461524
electricity,BIH,126.72147936846908,102.5,0.6592964824120603,117.24933736903132,0.595350177817469,0.07474772269581487,184.37794512195674,0.9949089085436743,-0.4549857375468249,119.47709686565857,0.6361788761515913,0.05716775513443906,124.72012067812769,0.6633839444618927,0.01579336589436442
electricity,CHE,1311.7799612231718,1016.6666666666666,1.637983644574637,1241.804387361759,1.8246556651098704,0.05334398750546854,827.9291449866155,1.1524464013476696,0.36885059273613896,505.7335556733257,0.7136712492276182,0.6144676922783959,474.9875226575484,0.6815384989472721,0.6379060995758424
electricity,CYP,34.76108935769035,27.5,0.8924528301886793,26.737876349615295,0.7211221782052181,0.23081017184232877,66.6188974534138,1.7752232502841347,-0.9164789908598017,29.86140282724009,0.8285187343381486,0.1409531928079889,24.445087868766464,0.6778838938587113,0.2967686479204551
electricity,CZE,352.64476932649,300.8333333333333,0.6714494486515211,324.4921614517796,0.6148744804437318,0.07983276748575785,449.1963394662721,0.836034239502531,-0.2737927187299112,505.26706147384164,0.9090788785372659,-0.4327932963215142,390.99900128451145,0.6923053699390528,-0.10876166412810684
electricity,DEU,2307.4571140832354,2012.5,0.8093938523412813,4049.8650156240024,1.5252668342187437,-0.7551203837792819,4555.251572752877,1.4293349128989528,-0.9741435474360709,2370.711593637041,0.798155238556928,-0.02741306833732282,2577.4949103864164,0.9364598108481758,-0.11702830559885324
electricity,DNK,357.94552658190884,269.1666666666667,0.9591685226429102,554.9906062051218,1.7924511524271662,-0.5504890129647229,256.7967208140486,0.6544477795350968,0.28258156131674494,294.7237202631824,0.9214744063775985,0.1766240995451005,353.90074671120453,1.0926726637899036,0.011299987205675377
electricity,ESP,980.0595220019377,716.6666666666666,0.601293480160811,1051.9431011827933,0.6767815823934299,-0.07334613619591313,1547.480997877752,1.0134406447348074,-0.5789663414695057,965.0810962642071,0.5792888863398007,0.015283179645185885,925.8116758892231,0.5863661564848802,0.05535158313844468
electricity,EST,72.2841614740048,62.5,0.37899296155928536,154.59451207268003,0.9014045267286867,-1.1387052006998255,172.6767402198236,0.9734115517972028,-1.3888599756659348,126.91565469145415,0.6777136223859638,-0.7557878808222214,168.0041148064552,0.9570868590746819,-1.3242175240128322
electricity,FIN,480.2863729068315,385.8333333333333,0.9577809120827456,434.07304992845735,0.8121403551172399,0.09622035016042163,615.7406679202961,1.0733165931466269,-0.282028187045275,456.63188001251217,0.8460232740508934,0.04925080999312037,496.777815940677,0.9529907146215327,-0.03433668736848494
electricity,FRA,1896.4550262705063,1555.8333333333333,0.522263849343124,1882.16513005971,0.5330967677731909,0.007535056731030609,3162.3751459855966,0.9446025196134796,-0.6675191882639047,3546.0685069119704,1.0712047305060193,-0.869840548702876,3533.391804431452,1.051316062240871,-0.8631561284003033
electricity,GBR,1197.4417174404214,1076.6666666666665,0.8750211644050986,1828.308650501645,1.3472886817061,-0.5268456275347801,1343.378342699671,0.8753313990770508,-0.12187367713494646,1478.9646766436647,1.090500470152142,-0.23510368404819704,1444.579427055019,1.0627094898168976,-0.2063880905559765
electricity,GRC,516.9622810225133,376.6666666666667,0.8128452151573539,365.8342606134562,0.5763967905881667,0.2923385824399741,713.7628376900459,1.2876185746091866,-0.380686490856307,487.59030928334766,0.7917970694344091,0.056816469629215494,608.2692432026639,1.0343074622671804,-0.1766220970697363
electricity,HRV,205.42638584174136,155.0,0.8923826395039859,217.72393380451356,1.1397056360124895,-0.05986352684141627,237.97070316247158,1.1085753903510052,-0.15842325798304246,214.8475251730307,1.1498925361374257,-0.045861388704697914,196.3456340436925,0.9728214251526979,0.04420440811846138
electricity,HUN,227.57782551616637,202.5,1.0066577896138482,181.34408662551812,0.639632353791903,0.20315572831309947,438.1356790842087,1.7529483724758659,-0.9252125205541388,163.5966565416512,0.731465337882823,0.281139732438344,157.49714951468155,0.6850614689673029,0.30794158368696833
electricity,IND|delhi,208.0288401680562,166.8225,1.2652592344062135,147.51898045520576,0.9457048723498601,0.29087245626119684,199.91011593477432,1.225937158206916,0.03902691678097692,132.69063113276198,0.8859413585052203,0.3621527138950168,134.1560149015128,0.8821977256981666,0.35510857632463466
electricity,IND|gujarat,1363.929505589151,1139.623333333333,0.5378368553986651,2290.8394888178427,0.8503458194656568,-0.6795878961708597,2339.869884262191,0.9646001392570113,-0.7155357917500886,2078.286420327173,0.851979786635078,-0.5237491467196134,2476.906576480732,1.03808000832468,-0.8160077675061581
electricity,IND|karnataka,992.842710545499,892.5533333333336,1.2090953035206764,748.1968633042248,0.759378983736173,0.24640947115062972,1196.0137118720395,1.2242924942027598,-0.2046356378191183,999.9994337553643,0.9497897666067731,-0.007208315208290239,942.3832124784523,0.9214689298056231,0.05082325481276151
electricity,IND|kerala,292.9003614285923,236.23416666666665,1.0855774583017892,435.72399282744834,1.5294250190784349,-0.48761848808327857,402.4270980028977,1.5170612278521016,-0.3739385504343513,430.2667442173235,1.4673895880082388,-0.4689867302270996,385.5034063439427,1.38520403143968,-0.3161588618863025
electricity,IND|maharashtra,580.2338443320358,439.1858333333328,0.2849644026782494,1035.2384153257044,0.593582594872744,-0.7841744762708027,814.912852779788,0.43856430843204836,-0.4044559115952884,748.5209984330149,0.34891426702627176,-0.2900333300873048,674.1637174652633,0.3703432179973112,-0.16188278924225696
electricity,IND|odisha,465.1772433259533,388.79583333333335,0.688426027491679,494.8399409182869,0.6832260840654624,-0.06376644175508117,516.8181776903432,0.761359511490322,-0.11101345799971707,488.0130867858219,0.6631833148273512,-0.04909062897530281,395.4466659662455,0.5315069680041646,0.14990109331476276
electricity,IND|rajasthan,1076.1880774482065,916.1575000000001,0.8426965035292103,834.0660465025534,0.6444340361255377,0.22498114968877803,1009.2066024456024,0.6904120843947535,0.0622395624019797,1014.5162213500407,0.7002111156494288,0.057305834723980986,841.1908219044838,0.6000323411956997,0.21836076840856145
electricity,IND|tamil nadu,941.6167055345114,648.7908333333336,0.6869422063006846,1019.0018212421666,0.9568489571839672,-0.08218324425725565,1652.4944737729497,1.5851900078082972,-0.7549544990654202,868.1557220431228,0.7139632138576236,0.07801580309653522,889.0538750857098,0.720962958263711,0.055821896680310235
electricity,IND|telangana,487.7390068896137,371.8608333333334,0.6546177600240926,459.84044023862583,0.6428925913555745,0.057199785657705116,535.1067015835278,0.8143527840186003,-0.09711688838665,568.5726352359,0.8116586927950503,-0.16573131778361283,455.5289784486487,0.6879624821411494,0.06603947600249016
electricity,IND|uttar pradesh,909.0238246098578,732.7008333333334,0.6369869572145004,1150.7518576418317,0.8154951065237317,-0.2659204593847919,989.732723970849,0.7539656624182997,-0.08878634110126926,669.8341549220474,0.4416596064635061,0.26312805364641323,860.3942299890498,0.616241398874336,0.05349650174645226
electricity,IND|west bengal,537.3911906221883,394.28583333333313,0.600953092594195,450.0275024781371,0.48107921074326876,0.1625700042512831,535.4095284666212,0.5495374730286655,0.0036875598077311667,500.97645057506026,0.5355267790450464,0.06776207106217602,516.7961617730929,0.5969936262181678,0.03832409092015565
electricity,IRL,90.27735042633894,66.66666666666664,0.5304792926942762,117.5225850456368,0.7943151180234437,-0.30179479670848774,139.760399111289,0.8774871919364804,-0.5481225185637824,108.85410191767502,0.7300327874383798,-0.2057742213701057,90.40194405550045,0.5659936250781615,-0.0013801205792274285
electricity,ITA,1346.2695371531909,990.8333333333334,0.8575673648375742,1244.8914205851734,0.7877308418943961,0.07530298634134647,1359.0082744889348,0.8202783631214711,-0.009462248817336594,926.3628474141761,0.5599071028792336,0.31190387819882304,923.4780132348948,0.585702811706624,0.3140467137155366
electricity,LTU,124.8332220738267,100.0,1.1953041622198506,174.84583434654456,1.8579995762264545,-0.40063543535822754,189.28687037336485,1.9355412818748543,-0.5163180700520578,114.45213454862096,1.1542263425910484,0.08315965375840684,112.58040016211733,1.0953708297202953,0.09815353403650051
electricity,LUX,21.40872096444188,17.5,1.303921568627451,15.674352123288186,0.9873980424750699,0.2678520052962532,15.76949876175295,0.9552748164320305,0.2634077118411331,9.251206035441848,0.5804956299027588,0.5678767521512686,9.561742984531326,0.5313257080277585,0.5533715909319108
electricity,LVA,140.94916341243984,125.0,1.0479041916167664,330.4069672835155,2.6619458411533037,-1.344156994509373,103.57493065685121,0.7265543681745997,0.26516108255446424,161.52398039669526,1.182417017161965,-0.14597331751484188,132.24442355964604,0.8460007673252128,0.06175801006581605
electricity,MDA,106.10529361598003,62.5,0.9478672985781991,46.399591083352405,0.5711295834725217,0.5627023921041732,26.57595372092945,0.34643805610813455,0.7495322540917321,36.09591351000806,0.38606747692041865,0.6598104365966165,27.10136740269979,0.31463601834024457,0.7445804400599842
electricity,MKD,106.61457061146317,73.33333333333333,1.098515519568151,89.35149017135686,1.0487248257554802,0.16192046116302783,82.84623238859001,1.0600517648052268,0.22293705341169934,53.04545495371784,0.6289174912590407,0.502455858992932,64.84052271275384,0.7668032493025024,0.39182306563843905
electricity,MLT,16.32993161855452,13.333333333333334,0.5029940119760479,31.710915984228727,1.1023498336123143,-0.9418890859406848,23.683876376298695,0.6887214326572988,-0.45033530632721197,18.37122220374573,0.5687404221403387,-0.12500300876164339,17.66489498037411,0.5134233417625201,-0.08174947654421083
electricity,NLD,1133.6004587155035,958.3333333333334,1.5270071608099778,854.5805605284535,1.2380215439968607,0.24613601383260808,1640.0508170730388,2.3885368207284885,-0.44676266180361335,1079.3064334655892,1.5140370659351734,0.04789520402226677,958.1575147424006,1.336407724545929,0.15476611942438645
electricity,NOR,1233.5382712614419,771.6666666666666,0.8166556426974078,1275.9724777672664,1.0264250864142157,-0.03440039721056265,1413.5273946577395,1.2869660712034892,-0.14591288133463176,1135.8902501503226,0.8734201274055876,0.07916091732708253,1113.8714918755877,0.9128858512275976,0.09701099850228434
electricity,POL,636.93275416902,523.3333333333331,0.7459065071689146,575.4052907827638,0.6957727259676451,0.09659962214775486,732.9543702098046,0.8315375195090028,-0.15075628535709407,640.7583755134165,0.7835935345878932,-0.006006319064855825,717.1051876342192,0.8462837269078219,-0.12587268112753436
electricity,PRT,591.819229157012,545.0,1.198507755743177,460.45754111212136,0.9043421155358047,0.2219625209407312,531.2738816178381,0.9394767622344125,0.10230378560935705,390.8784699549472,0.7081963691484228,0.3395306358806305,315.83545875639635,0.5743929256966261,0.4663311984534996
electricity,ROU,248.49547279578354,220.0,0.6155383462403198,211.97157073579703,0.4613721503411469,0.14698015078126703,408.74225419688725,0.899262030562033,-0.644868011469957,281.1500687763022,0.6897657892648222,-0.1314092189009599,243.20335212296206,0.5682603444552002,0.02129664823781563
electricity,SRB,199.10215133610853,135.83333333333334,0.5510988166589826,148.6793654254276,0.4514638440208342,0.2532508341688442,229.62513199424984,0.720718779339665,-0.1533031182903435,175.39049747949508,0.5357104308341017,0.11909290631714631,163.2504016026258,0.5288298674144191,0.18006711375489182
electricity,SVK,157.37428845483836,135.00000000000003,0.7386419149975576,190.49869198417235,0.9502764591961165,-0.21048167305194632,130.9205390292076,0.5791975264051531,0.16809448154056117,191.6633185213765,0.8745747158570469,-0.21788203399170913,168.09105920106546,0.7751761660865494,-0.06809734202104112
electricity,SVN,287.38765921080653,205.83333333333334,1.139719453672942,346.8593142579237,1.7059069757711995,-0.20693879204984622,182.32084698136376,0.7429435062602069,0.3655926371994055,204.3709525775404,0.8357119921081927,0.28886663700604887,179.03132059631415,0.7254902504167243,0.3770389407535767
electricity,SWE,725.5055708492757,645.8333333333334,0.8170488346699801,745.4169649375757,0.8312707109069821,-0.027444853476440878,860.2668113626737,0.9164966879455102,-0.1857480437478194,680.1876643809626,0.689620926522083,0.06246389867863322,661.7085953219064,0.7262584011069694,0.08793450814263037
electricity,TUR,1308.4501009464086,1127.5,0.7811056715314982,912.8049921229747,0.5513046799088172,0.30237691795603194,3911.320056036031,1.9068002538043598,-1.9892772014820843,1173.3946478712362,0.6601696905886293,0.10321788578524016,1057.1972017356297,0.5387671227686819,0.19202329460561496
electricity,USA|alabama,628.277376396498,425.5408333333332,0.6559027397135575,674.0818367355125,0.7008350316610983,-0.07290483799007252,833.860478191399,1.0292498005701,-0.3272171011059295,654.4548630631313,0.8045722948472029,-0.041665493061002756,661.2061251450334,0.7775291184127928,-0.05241116421762504
electricity,USA|arizona,457.44290031653156,347.2433333333335,0.639529573297111,497.64225685968574,0.8493965153401057,-0.08787841392955897,888.0670060792106,1.3767309246791721,-0.9413723668346474,432.6916684207311,0.6251001213041553,0.054107806414032455,330.87922493325976,0.5258899469786031,0.2766764448539806
electricity,USA|arkansas,713.7035560896416,596.4041666666666,1.2635933688187706,612.472396116147,1.1459465598107077,0.14183922597799115,670.3692564788153,1.237466353515374,0.06071750552603872,683.1676153551768,1.2958558652660366,0.04278518787515939,650.7516639575334,1.2327352452068796,0.08820453757722535
electricity,USA|california,1188.5279480166496,887.8316666666669,0.9333036402650502,1615.3721932624287,1.333190836925262,-0.3591369020459918,1038.920395296246,0.8320640154580795,0.12587634390092428,1050.5909775554558,0.9283574526549625,0.11605698519027297,882.0482185813187,0.7965979554912294,0.25786497485967197
electricity,USA|colorado,286.0071452924443,243.79083333333324,1.2301285024453106,295.130937467329,1.341545921431486,-0.0319005742515821,437.21155074098806,1.8844254615994214,-0.5286735242014189,233.47938042969213,0.952688545491226,0.18365892505602321,258.4866715355539,1.0572120146948083,0.0962230287245115
electricity,USA|connecticut,310.58697548620205,228.20416666666665,0.8189719737967871,253.68421471123935,0.704674454191586,0.18321038957247138,514.7855825852577,1.3896153799581963,-0.6574603032834749,236.21419661866992,0.6118232027448711,0.23945878204038262,203.58269985765563,0.5232536262685435,0.34452273943889233
electricity,USA|delaware,108.93667946717181,89.97333333333334,0.6089825554733204,105.39060051312558,0.6204699597936009,0.03255174447569653,142.25230070991876,0.7877419032130686,-0.3058255622045707,136.65166068385454,0.8352234309143942,-0.2544136773053989,134.66040936980835,0.8235536514024608,-0.23613469795899555
electricity,USA|florida,662.3648107978963,557.8366666666667,0.6530323650376598,705.7297579961227,0.6762684766038258,-0.0654698838031389,1078.0147743913958,1.1309936773075513,-0.6275242235359699,617.8126877875228,0.5947913142473515,0.06726221303439306,749.1199403558483,0.675705004888531,-0.13097786619045348
electricity,USA|georgia,805.0223414084028,721.4950000000003,0.9653017067432323,704.5089600083962,0.7882351197016308,0.12485787813560101,1125.6563152463184,1.1459420884744822,-0.3982920191717414,1139.5100285593194,1.3118586260979963,-0.4155011233175512,1018.2151771454693,1.0914916883159458,-0.26482847092675876
electricity,USA|idaho,279.2393489613048,224.06416666666667,1.4841271898310342,280.235071559056,1.635994622324858,-0.00356583913211006,215.15029269437184,1.082524004169418,0.229512984131094,310.72278823307556,1.6243742982833553,-0.11274714465880487,213.84576453106087,1.0400239746570215,0.23418470453211726
electricity,USA|illinois,921.0090418122938,798.3449999999999,1.104752789229394,887.7810317797332,1.0390420675743406,0.036077832598881976,793.9080702500829,0.7967171879693733,0.13800187163430122,1024.093295556644,1.2408372643209273,-0.11192534390488573,976.4751735891972,1.1821767340790499,-0.06022322176963768
electricity,USA|indiana,1387.8366638705481,1211.0133333333333,1.6788478182567137,1227.648267196616,1.492424284871123,0.11542309037086651,1601.0501540144248,1.801963098496693,-0.15363010337920024,1364.6538685522728,1.7190851414749844,0.016704267816084806,1185.9098588891848,1.424217034213526,0.14549752880732247
electricity,USA|iowa,564.6021253354731,430.00000000000006,1.2259126195350023,637.7599434227118,1.5260458597723106,-0.12957411034145516,692.3194477955664,1.664666976007605,-0.2262076544331224,563.152805384926,1.434882420973221,0.0025669757259345616,537.856850625461,1.3620460647813035,0.047370127581650046
electricity,USA|kansas,596.3722432689726,533.6358333333333,1.5566925253154713,565.1216796352452,1.4959983843517919,0.05240110348266658,655.8376343553996,1.7365378033950623,-0.09971186915150776,588.0624056485833,1.6720414286424314,0.013933977837129907,479.7778167466518,1.3560604732554706,0.19550612530726885
electricity,USA|kentucky,694.7243160539775,617.9950000000001,1.0862134448849587,927.537110468715,1.4569310619626799,-0.33511536739797765,1033.6614046483623,1.4489008234946867,-0.487872787467037,728.0636348963819,1.1239473599917424,-0.0479892787282461,657.1323683084639,0.981834746335923,0.054110597364772306
electricity,USA|louisiana,452.46009739349756,395.46,0.7642716208065247,595.0709096571225,0.9821730121100778,-0.31518981029524573,519.7211756506281,0.7824075479512999,-0.14865637576573865,491.80950745437565,0.754970908565098,-0.08696769126727322,576.2821224678158,0.9139134745898694,-0.27366396680640803
electricity,USA|maine,197.3090248822897,161.45666666666665,1.0474019345493075,201.70368943829004,1.1790234995326137,-0.02227300326795545,234.14289553324667,1.3314660941153984,-0.18668112456047692,196.61234103066244,1.1521659471414858,0.0035309274476567065,206.52659962416317,1.2164123655848464,-0.04671643756474131
electricity,USA|maryland,357.38480794516164,330.73500000000007,0.8182066794514926,399.9902247383926,0.9244257708176161,-0.11921440376326387,468.34440475537406,0.918218242039885,-0.31047653493776495,341.09917735719705,0.7455589125764244,0.045568894440704666,351.7482687353854,0.7506630007723107,0.015771625106798415
electricity,USA|massachusetts,331.1500639564083,304.1391666666666,0.8206482426616707,290.9749079608733,0.6617569188118035,0.12132009130707455,431.4222683076636,0.8418908677156823,-0.30279989426320886,269.0517107242449,0.6108266706300445,0.1875233013403188,222.8416408325612,0.49274947344677844,0.32706749873406193
electricity,USA|michigan,773.0991253067094,646.806666666666,0.9164166419491006,553.9916242362917,0.6736862294453645,0.2834144987339001,998.8775910820771,1.1136769259903851,-0.2920433594926073,788.4601863591155,0.9324748737078076,-0.019869458585031863,656.0282635887621,0.7638831177004896,0.1514305965247369
electricity,USA|minnesota,430.5857504222202,369.74833333333305,1.2687120359668316,366.11145368651813,1.0509779073820755,0.14973625270339397,505.59257651559034,1.5876824556936093,-0.17419718608853296,275.28597757891964,0.8557015950243655,0.36067095274522665,255.80210179864446,0.7775368200188579,0.4059206521632168
electricity,USA|mississippi,758.7161581579769,473.16833333333346,0.8449472244667762,444.050765458089,0.5075652294944997,0.4147340073313286,762.987299890458,1.0018869433502327,-0.005629432939520562,531.4656851464073,0.8091355179040978,0.29951974868083986,511.574733918453,0.7389225289045189,0.32573633971304605
electricity,USA|missouri,892.0107894760391,737.3375000000001,1.426066590228629,1118.2446000194948,1.7278527433105038,-0.2536222803721284,769.4683922527012,1.2594918596441946,0.1373777073877307,524.9498242203931,0.8119600239809631,0.4114983468655744,466.6199073359638,0.7547600542836731,0.47688983940423746
electricity,USA|montana,268.72610848842606,242.4366666666666,0.9948808165476749,215.0487335985101,0.7417722032108955,0.199747524317042,242.42757675874802,0.8704275852542729,0.09786370173559344,193.78430184978606,0.6513795205603778,0.2788780258836209,220.9074712179727,0.7179176303003547,0.17794563222543336
electricity,USA|nebraska,342.59103361977617,299.0516666666666,1.3545887126606329,250.7377799593488,0.9280817194124106,0.2681134199278854,336.7776401123015,1.3245680864876055,0.016968901509333167,225.79779975678323,0.8576260030221123,0.34091153124753293,228.54374970440477,0.8876753752348505,0.3328962895215364
electricity,USA|nevada,219.31780017818897,173.11250000000004,0.631222180357159,248.5683036549031,0.7517971733804422,-0.1333704033733194,224.12244849975872,0.6596618383704259,-0.021907242903522306,269.70981931728494,0.74249466601987,-0.22976711921309634,243.88778457629408,0.6410462937627206,-0.11202913935003345
electricity,USA|new hampshire,337.5830582982505,256.60333333333335,0.9965765534790922,343.5694367316939,1.1323075333665173,-0.017733053499842777,225.83786334085988,0.6934144623357726,0.3310154114981241,197.87919396965052,0.6156752066269192,0.41383553141808826,226.41470929321537,0.7707966819329155,0.3293066588277047
electricity,USA|new jersey,464.8514015700786,397.65749999999986,0.8885450771180115,511.53621930117237,1.0534491413278655,-0.10042955140806598,516.4838308805637,1.0098622579369188,-0.11107297759260648,508.61454109990217,0.8637466955238697,-0.09414436394514358,449.9472364181139,0.833376758852513,0.0320622140787884
electricity,USA|new mexico,462.54597942619,410.10166666666674,1.3658304135427446,452.45029591946536,1.2720893794429382,0.02182633501484288,318.1000904982826,0.843681480475593,0.31228438977482686,350.66057252418796,1.0383693099671478,0.24189034577881563,343.22317131830926,0.9911550225621475,0.2579696147308561
electricity,USA|new york,362.2268699539924,274.6566666666666,0.4637349753065959,522.4619647021082,0.7113582392924847,-0.44236114998444975,453.32997453403766,0.5923986028755197,-0.2515084112661674,554.6320800670151,0.7440997944677333,-0.5311732123502066,540.6889080117495,0.7171825917477975,-0.4926802864746731
electricity,USA|north carolina,738.3385113324829,616.8533333333335,0.8119085728052782,876.2572345511155,0.9456656738189559,-0.18679605777264707,1085.6407779660178,1.1238037410366344,-0.4703835182682763,701.2002546715413,0.7485797676747341,0.050299769131530225,712.0383001042496,0.8188594473684552,0.03562080377030463
electricity,USA|north dakota,265.24303336751376,200.58666666666667,1.0079497091321157,193.3272104071117,0.7388525383354562,0.27113180711049023,415.58008622465746,1.6986659277714862,-0.5667898264790263,273.3339840851329,1.1563875857090535,-0.030503914145818545,268.41835680683005,1.1552555970342233,-0.011971373570127453
electricity,USA|ohio,877.238193722207,730.5291666666668,0.8009379376335869,793.8991355086923,0.6977069477388579,0.0950016298992854,1426.3843078316097,1.3187993569783718,-0.6259943058102866,991.1377203049644,0.9442430070090495,-0.12983876830472996,1004.9613233546992,0.9339663134594275,-0.14559686359590707
electricity,USA|oklahoma,657.2923691427835,508.90833333333325,0.9496820063884723,658.874674681976,0.9426876617035618,-0.002407308548638909,699.5738099942391,0.9315212590538273,-0.0643266875387547,527.793453331391,0.8068203444465671,0.1970187421775187,496.31781845028104,0.7455518578277601,0.24490555230762767
electricity,USA|oregon,369.96726681784526,247.21166666666667,0.8018639608498178,418.14181837908546,0.8119288361633913,-0.13021301039845534,406.46269424489265,0.8255608989018746,-0.09864501727666641,378.43541991831546,0.7652391822850735,-0.022888925210347244,394.47613735912324,0.777399021360397,-0.06624605131173666
electricity,USA|pennsylvania,1067.1351964879302,804.2050000000003,0.9231266195275541,917.6719807826795,0.9125996401609932,0.1400602437227748,1297.3704145643064,1.1919739517447643,-0.21575074914041625,946.7738982499552,0.9569484877035992,0.11278917482442563,1117.5900804241983,1.101968563294895,-0.04728068580468636
electricity,USA|rhode island,75.38590396530817,65.92500000000001,0.5680138106714285,61.98151405464923,0.46611952806063744,0.17781029616395538,81.8990581808722,0.6413221231772946,-0.08639750766351906,71.4192482972028,0.5540444558393469,0.05261800229829161,108.91302531210995,0.8222212776235621,-0.4447399259446516
electricity,USA|south carolina,555.378223338234,486.3858333333332,1.0311815243720424,467.90261661099936,0.865811732876367,0.15750636782522998,558.8598297259193,1.0083009865270716,-0.006268892515731483,485.43856260345336,0.9544599278781637,0.12593158643202018,714.889628894882,1.3385478532117685,-0.2872122075616621
electricity,USA|south dakota,246.20398253616182,209.32499999999996,1.3793901227475918,184.60227428947312,0.8542780613812186,0.2502059780354723,298.7279600934523,1.6530858162781294,-0.21333520691354324,220.9917618654549,1.1197002156854585,0.1024037889679702,204.98296674844858,0.9562451077572802,0.16742627541233535
electricity,USA|tennessee,888.1259235697753,759.4716666666665,1.308452731971852,625.6670726448071,0.8790302627494961,0.2955198626226657,936.831310259157,1.5015922357519742,-0.054840631713139354,613.6552892571468,0.8356232634796782,0.30904472781225467,575.1006218530781,0.733631082426696,0.3524559900903562
electricity,USA|texas,2660.2053431752847,2408.7491666666665,1.4889043369982156,1631.9988130220547,0.7981753419877694,0.38651397073202554,1725.086094191821,0.9964486079150631,0.3515214535533874,2626.496261322844,1.3090683223771327,0.012671608956399072,1834.3471883367488,0.8862865733537284,0.3104490249060141
electricity,USA|utah,536.6330265569447,402.26416666666654,1.4021736645745286,349.6001503374339,1.0122744475263656,0.3485303120822063,320.62151050429173,0.950433994597029,0.40253116256856203,314.3284884664476,0.9486591252555708,0.4142580256694419,329.6691237744451,0.9437205487002287,0.3856711990135734
electricity,USA|vermont,32.68395312177929,25.934166666666666,0.32929411705170336,35.76951006042652,0.37908174260737815,-0.09440586722023947,48.69046851113216,0.5258951888618499,-0.48973621182581994,21.610704257055602,0.23933259558800432,0.33879772203396397,22.31406406602249,0.25774665669685526,0.31727768722219585
electricity,USA|virginia,668.8801954510736,574.6366666666664,0.9854667016365047,565.6126378299386,0.7850255328006814,0.1543887206160952,714.296026616587,1.02884638478633,-0.06789830447123091,623.1564255576474,0.8811206824125073,0.06835868396819778,540.6873908225705,0.697263349531388,0.1916528632486324
electricity,USA|washington,702.7388521053415,558.4758333333331,0.6799545406903432,863.8452658483058,0.8248332461494416,-0.22925502590372537,758.1112466373324,0.7873642117211662,-0.07879512334646122,657.0161947441084,0.6111275026066361,0.06506351146553546,604.3153363130857,0.5504543077579482,0.1400570290049965
electricity,USA|washington dc,6.183186206695273,5.015833333333334,0.6330632253816114,5.382546447499873,0.5645979035070575,0.1294866000199787,9.314329831489705,0.928043977320284,-0.5063964629439703,6.694165202431161,0.7236197639808428,-0.08264007886137881,5.423495231570449,0.5765593051844984,0.12286399757817679
electricity,USA|west virginia,947.1531306235545,849.5349999999999,1.1843341088586623,1042.1536831636076,1.2058017813424657,-0.10030115455302346,1103.648443095125,1.3413978701918652,-0.16522704451026038,729.8749465083102,0.9123744278307163,0.22940132602655283,768.0088348892082,0.9625115616952848,0.1891397388048619
electricity,USA|wisconsin,396.121132946308,354.5316666666667,0.9519844469197042,247.6823682563062,0.5047551587824888,0.37473073851407435,947.4390008221958,2.0789033039914178,-1.3917911013109614,341.38153935659096,0.7750513894264806,0.13818902612584594,300.5341408719234,0.6900521412610917,0.24130747926377583
electricity,USA|wyoming,460.2600567070752,416.075,1.7032872579209062,420.4408561460686,1.6106819930188092,0.08651456927610135,510.2374418704395,1.8576741536578396,-0.10858510191157333,319.1286108094153,1.161667902913906,0.3066341383334088,293.4924185346281,1.0367376013330416,0.36233350198925385
carbon,AUT,33.95775598691213,24.517500000000002,0.7545866984320587,25.40480481306591,0.6280383206444318,0.2518703290388997,19.814363090271552,0.5799064629616785,0.41649963272283574,16.22712028476489,0.42238781034501743,0.5221380266994355,15.95575284264765,0.38059088352081155,0.5301293510443608
carbon,BEL,40.26531530569041,31.943333333333328,0.7801592937164463,38.9976157960936,0.7966815106408458,0.03148366031589611,27.945534298746345,0.49157748812528745,0.3059650946084358,30.785644095318585,0.6431308862469105,0.2354301993763881,28.9382298013439,0.5876012574183522,0.2813112332128126
carbon,BGR,65.0672624417738,48.12583333333333,0.6650803968788148,59.433970807182334,0.6181132755649326,0.08657643526393155,97.93927231891908,1.1345712214132413,-0.5052004440260749,65.9588419386631,0.7474079640658869,-0.01370242827853918,77.96791051973528,0.9697919019149062,-0.1982663415339745
carbon,BIH,84.83083720951167,76.17916666666669,0.7706645849210577,55.698842038733616,0.4633728162641253,0.3434127980940358,112.42383950812857,0.9880024175421761,-0.325270894479903,40.46600475603388,0.3052523648872403,0.5229800142595242,60.50053472348068,0.5049717099480086,0.2868096471326933
carbon,CHE,8.286766055987501,7.270833333333335,1.335614940517845,10.144905263790594,1.6535486669381845,-0.224229717027008,4.8426689252676995,0.7111953704600328,0.41561413794604607,6.511622151995581,1.064710822615947,0.21421431376228028,7.71930121510512,1.2845981966957,0.06847844346617771
carbon,CYP,30.649446297336816,22.940833333333348,1.1926314225946608,22.338230656905402,0.8707491395947777,0.2711701725310969,31.893605983913233,1.3138101219859408,-0.040593219026097804,34.00743585587782,1.3866468093679987,-0.10956118182248487,30.732802605351612,1.233313660363774,-0.0027196676640137696
carbon,CZE,61.779266950976364,54.95250000000001,1.4408731372634702,56.125597857200304,1.2757825356934562,0.09151402036321354,79.18244786782354,1.6971167805447327,-0.2816993754661592,66.60096692480263,1.4056199639794682,-0.07804721894243949,57.511908383758815,1.1958663854410203,0.06907428297269735
carbon,DEU,54.377891877122266,46.939166666666665,0.9670498420498419,45.52476936735581,0.8393838435441675,0.1628073874171485,71.2694870586159,1.2090651378584043,-0.31063350561039704,61.95808075148837,1.0512057911615273,-0.1393983586472063,49.59932915700036,0.8647585546946537,0.08787693960111631
carbon,DNK,38.89308732495617,35.0875,0.513099475858483,33.6715241966405,0.3748422410968743,0.13425427209439345,55.445942524138445,0.6555964649679565,-0.42559890041336357,37.27880069027251,0.46952569930740146,0.041505746797524945,27.654622699290496,0.31329563979503267,0.28895789454221066
carbon,ESP,25.072161022403577,19.37083333333333,0.36701021885005036,15.841364996745094,0.2265725240317368,0.3681691425565661,21.03818275173223,0.3332689186284576,0.1608947177336142,21.900519233571917,0.37367525855499756,0.12650053523498017,17.769392990564484,0.30126341392176126,0.2912699876693359
carbon,EST,98.12629442882948,86.44583333333334,1.5230434931557133,144.38299205232343,2.1765066025322377,-0.47139961712345824,117.16589915540416,1.6825440903497009,-0.19403162870257984,107.50312889477593,1.50862321544149,-0.09555883589130554,94.15689318217734,1.3472401429992495,0.040451963153781634
carbon,FIN,11.582002201692072,9.080833333333333,0.27487729818163464,22.19870432781928,0.6282578224182853,-0.916655163869349,15.15126448549372,0.39925155254815686,-0.3081731657139726,10.548375176354515,0.2665092668466585,0.08924424355458582,11.565710819327588,0.3028986563724723,0.0014066119208735461
carbon,FRA,3.8377521632677993,3.207500000000001,0.1967925557297703,19.321269847007656,1.1628868499218086,-4.03452777173496,8.97809414521372,0.46497215387702884,-1.339414783254003,4.627473216276822,0.2101780777450833,-0.20577698074609008,5.264071392679832,0.2328496509489328,-0.37165485647138286
carbon,GBR,32.79426258255143,26.792499999999993,0.6587269788512756,35.01846315361183,0.7940561386671964,-0.06782285667993082,28.783522881050345,0.5670994205487143,0.12230004231395797,28.43462967667408,0.5566089076163468,0.13293889121315217,25.07162558388709,0.4761723675663688,0.23548744172016423
carbon,GRC,61.46677537499425,55.56083333333334,0.8748487384421593,54.08366976578893,0.6779570534353606,0.12011538858452775,64.92319814859519,0.9425476391496094,-0.056232375173646654,59.506087601823964,0.8583492548913183,0.03189833468908354,51.40696710139501,0.7200630313702918,0.16366253495854843
carbon,HRV,45.68301571700363,38.64916666666667,0.6922306555483784,52.397379936622535,0.8281387735202189,-0.1469772543304264,87.55249913343253,1.3323956989146097,-0.9165218792866319,62.72359083395895,0.9526318347547179,-0.373017736449756,66.41850604484208,1.0423820636284888,-0.4538993322220739
carbon,HUN,32.69487982340151,26.524999999999995,0.9963965969405852,24.66842025556,0.8557688073169452,0.24549591896944467,35.154115533492494,1.1684838906353183,-0.07521776263972613,31.990544348267598,1.0973580352657313,0.021542684326668726,28.66221625502048,0.977562359610606,0.12334235789099401
carbon,IND|delhi,83.41571324796466,51.38833333333332,2.3973366542790107,73.0515294063746,2.396382733830611,0.12424738023615645,86.23272929094391,2.6837126995985714,-0.033770808080310744,91.47780147361172,2.9416357005064446,-0.0966495149622637,70.97205969890355,2.3968988087943845,0.14917637294631336
carbon,IND|gujarat,111.40398739871627,92.01583333333332,1.645769924900163,110.0669539592094,1.454590187864339,0.012001665925310268,106.34803609974877,1.5371371375211669,0.04538393478567504,114.89574468565948,1.8181434921901385,-0.0313431984660133,105.95549331251883,1.597941100156979,0.048907532067925086
carbon,IND|karnataka,64.93894382417996,52.46416666666668,0.7796627423915744,100.44456904726009,1.31325986696982,-0.5467539681459932,72.4613261996103,0.7884214246659418,-0.1158377690249619,50.32661941443367,0.5400467617413535,0.22501635458237002,64.59808896505942,0.7747696315336382,0.005248851290889367
carbon,IND|kerala,1.2426584406022436,0.9949999999999996,0.25951549445205774,2.3974554406477053,0.5790140950876869,-0.9292955830129792,1.5901334140645464,0.37880323040368197,-0.27962226957063296,1.6772422703392051,0.38703557260068483,-0.34972106214990517,1.4014165493893889,0.3165654788017204,-0.12775683454111864
carbon,IND|maharashtra,13.688489081463052,11.75666666666666,0.5032125921035767,15.440158354108625,0.5401864051933627,-0.12796659019275425,17.65331814989789,0.5592580247065572,-0.2896469467769096,14.003190621696618,0.49770094018733013,-0.02299023203808037,13.64380017231259,0.5043310499880482,0.0032647072211190453
carbon,IND|odisha,16.322504658701536,11.492500000000007,0.584789433285324,13.32206112626997,0.5218825787464045,0.1838224950869919,37.28025581494554,1.6576235665129473,-1.2839788742269658,18.15318704925818,0.6398787556528535,-0.11215695316592877,17.01979555207078,0.619521438880299,-0.04271960143062459
carbon,IND|rajasthan,62.44922737712615,56.84333333333336,1.498122371916283,42.82750490771368,0.9905664731957997,0.3142028059197334,68.4178145665501,1.5790078277708037,-0.09557503655537825,60.426680700807324,1.3882745624811204,0.03238705683426346,58.59676320620797,1.354272933720216,0.061689540971475054
carbon,IND|tamil nadu,84.3428860367014,74.15583333333332,1.879491965438929,83.02979454230709,1.8392843263840803,0.015568491381987237,87.14564423095203,1.6786350874185256,-0.033230522761943604,77.73426252905097,1.7481133477595983,0.07835424916305,84.88227447368664,1.9339913112009401,-0.006395185917049684
carbon,IND|telangana,35.232317905582086,25.34583333333333,0.7400939178577558,52.04637502831921,1.1373531753751693,-0.47723391823940053,65.14433794745769,1.6267849521376676,-0.8489938164737223,52.3749388417409,1.1212561416892812,-0.4865595554087232,42.252920225167486,0.885038414595034,-0.19926597899121146
carbon,IND|uttar pradesh,8.996670680498045,6.469999999999989,0.6656030409234357,15.838964087944628,1.4769121627377824,-0.7605361639254535,10.946784306429727,0.986079056702953,-0.21675947638707238,5.825008834606455,0.46488703826568883,0.35253728390511807,4.90030373841956,0.41640729430200657,0.4553203165431098
carbon,IND|west bengal,4.621871915144342,3.6100000000000043,0.6555959123368629,8.115831730735312,1.2275377152158167,-0.755962060338025,8.694294080343477,1.3446664305668758,-0.8811196502125378,5.905293388023044,0.907551766459521,-0.27768434444783185,6.112617464548488,0.958965465899787,-0.32254151062028935
carbon,IRL,44.49133557971335,39.5025,0.8061979530476509,38.546116801948564,0.6792519972260515,0.1336264398517094,51.52087358348204,0.873533643311748,-0.15799790930470392,32.001645657630625,0.5530021099290189,0.2807218475090604,37.07360581032123,0.645549917359803,0.16672301859992644
carbon,ITA,20.700317026557833,17.082500000000003,0.48006323092460595,29.594618192714286,0.5546513966114677,-0.4296698043196805,50.615405367392334,1.1790626730227716,-1.4451512168849594,37.78572921340001,0.9249521588576353,-0.8253695904715928,30.986705781359614,0.7555536705291015,-0.49691938251982704
carbon,LTU,57.90615115569905,43.15416666666666,0.7626145193989603,65.0401419237622,0.8970721818868125,-0.12319918740378988,45.285050918717715,0.5667886024630899,0.21795785050616656,43.57390370101224,0.5212079549257045,0.24750820368202364,47.08108948703148,0.617470918023048,0.18694148121778909
carbon,LUX,62.88450961882425,42.42833333333333,0.7257686304230584,49.42495561529063,0.6098278310313204,0.21403608114492712,51.67071098089596,0.7354641979121636,0.17832370333967706,56.03245254002614,0.816448075027756,0.1089625588293841,64.4432306082981,0.8993673011346593,-0.024787042133620263
carbon,LVA,44.83776310209955,39.89333333333334,0.5879941370905448,52.96309096244856,0.6867243381434643,-0.18121617355992803,48.76941232729491,0.5733811034293176,-0.08768611440857654,54.97204762312354,0.6763070900005881,-0.22602118883467326,56.42193872044431,0.692732148479828,-0.25835757220909006
carbon,MDA,16.26578873996996,13.53666666666667,0.9254851689634292,12.339853370793426,0.7807414812314933,0.2413615123089189,8.289675015383375,0.48677321506931226,0.4903613253617921,9.291536149532257,0.5452225323149225,0.42876817730331485,9.910407715305569,0.5645904411699241,0.3907207407069845
carbon,MKD,40.43567247287143,35.73416666666666,0.3009617668192534,72.39568676600982,0.5258299934313926,-0.7903915611785752,96.78648667910953,0.6777516929095867,-1.393591617501706,70.16790558580254,0.4570420937354355,-0.7352971100673216,81.04048106806057,0.5599476680096016,-1.0041828443048941
carbon,MLT,18.111612067032212,15.46416666666667,0.46008558578661096,34.93451032938675,0.9489240239262737,-0.9288459911846574,24.336957178982445,0.6365223381298348,-0.3437212043251501,35.230588070487094,0.8600515804982423,-0.9451933897488793,21.931227949562302,0.5395675147776575,-0.2108932031225852
carbon,NLD,49.88375812827257,47.05416666666667,1.0450439149380708,53.889128240267006,1.0395183656291593,-0.08029407290635393,63.3673094805535,1.1509536996969403,-0.27029942927733974,50.390411366463674,0.9197837132688101,-0.010156677387623603,49.18404471551331,0.8959847791496035,0.014026878467335857
carbon,NOR,2.55550549467876,1.865833333333333,0.5930602154335157,1.4863876196349428,0.3374279469732835,0.41835866808739175,1.0299242558995025,0.21119774306239403,0.596978265926613,1.314197438721869,0.29304244243359795,0.4857387544427604,1.2745200642951073,0.28067363245251925,0.5012649877102608
carbon,POL,51.68291166655893,38.979166666666664,1.0433163071844398,57.63826549329677,1.238547126366938,-0.11522868264775443,59.854449446943924,1.392370579525314,-0.1581090831937848,72.85523760329838,1.6937064529754868,-0.4096581491642015,56.44569236283294,1.3487423063002557,-0.09215387722351842
carbon,PRT,37.055901126991,30.5975,0.3748910902770845,52.8358921023309,0.5733908368550115,-0.4258428616068919,36.80353285487825,0.39102504261144155,0.0068104745651140774,21.232087852150375,0.21393338402477652,0.4270254613593726,25.73762953186031,0.2757829169129204,0.3054377643210684
carbon,ROU,30.924713148763942,22.77666666666667,0.5656261856310146,39.46344427462174,0.7719256903772415,-0.2761135110544781,43.19349501315419,0.8841001763462393,-0.39673066021246606,31.80850128732431,0.680596708048333,-0.02857870125775741,27.0108374161284,0.4820587342405387,0.12656142399147785
carbon,SRB,75.3316929762412,61.83000000000001,0.8909772114375119,86.65012954177833,0.9586600342215688,-0.15024800476881417,67.94316648747386,0.8058382499979635,0.0980799209052371,54.25167589103457,0.5775144767210219,0.2798293288304968,77.0401583980059,0.9061124638963173,-0.02267923836921515
carbon,SVK,9.939548950195544,7.308333333333334,0.2920596626124409,16.654531604777002,0.5832664109852412,-0.6755822309672666,15.493793704054855,0.525427490883019,-0.5588024951323411,8.029980382717612,0.23818171806617888,0.19211823162663366,7.531913242953861,0.2324000873284708,0.24222786358875137
carbon,SVN,119.39470556380073,98.065,1.3081201705765224,103.58254627206331,1.1671083648746337,0.13243601730135268,163.53308719164767,1.7575605573137856,-0.36968458039591034,128.6624129740376,1.3927584528860255,-0.07762243197027296,118.69703211678556,1.2785054358315864,0.005843420306793634
carbon,SWE,2.1937183046143374,1.9650000000000007,0.9482573726541558,2.8994389648006247,1.1409953554546544,-0.3217006753792644,3.00438880240179,1.2333657951001824,-0.3695417484014525,1.5511248643988789,0.6474833808060312,0.2929243188898989,1.4474917666002622,0.5651957800816599,0.3401651599680954
carbon,TUR,36.230282108571366,27.5675,0.7253544803391314,21.073461062421906,0.493100484985662,0.41834675757503026,18.415469569786453,0.43852006150165873,0.49171056646479394,14.72623153749716,0.3250034037292949,0.5935380383358035,8.527681630186542,0.18699043362030154,0.7646255802085222
carbon,USA|alabama,18.63790179535598,14.895000000000005,0.49333798948046775,30.709038167180385,0.8938434683192953,-0.6476660572829169,10.632901726933081,0.2814151828056169,0.4295011400058729,12.73725195968745,0.3364710705229382,0.3165941048760542,29.77173068941546,0.9335979384136041,-0.5973756604315676
carbon,USA|arizona,23.767656244008013,21.356666666666666,1.0261211373183226,16.22645542394989,0.6343127906296735,0.31728836628387835,31.845686205641655,1.1072812840581967,-0.3398749072563758,21.069113107863707,0.7716704576431375,0.11353846203597073,15.665040436702897,0.6209279777000363,0.34090933174565075
carbon,USA|arkansas,38.36327595066232,26.222499999999993,0.5501834347685284,43.15757234292474,0.7382641684056478,-0.12497098523150618,51.43742309828346,0.7635199719047371,-0.34079850647883525,48.73450566025416,0.7299517235500301,-0.27034265068838015,36.94094595056347,0.5883282553673009,0.03707530091872402
carbon,USA|california,28.696954251859786,22.345000000000002,0.8644839704008556,22.19722896368411,0.6385495668537846,0.2264953008995525,15.547572333794584,0.5173947094025181,0.4582152448186385,32.29292815036252,1.0817974601272553,-0.12530855598620505,17.659377809339787,0.5283853045947605,0.38462536287469173
carbon,USA|colorado,46.79411991194335,41.62416666666666,1.6964944172646144,38.23138886830429,1.241289801566005,0.18298732959936648,34.8752447333209,1.222972788527283,0.254708822412971,35.69533594331524,1.1824586612331645,0.23718330400301735,33.57342561203831,1.1783266428862833,0.2825289657073067
carbon,USA|connecticut,28.53411087336231,21.406666666666656,0.6436054383975438,38.15195630252389,0.7885880916732153,-0.3370648369541527,11.721494544222049,0.2847478177228196,0.5892111516548246,13.369755638746485,0.2806038575496909,0.5314465658985132,17.265664203460044,0.32178395874923804,0.39491143494580705
carbon,USA|delaware,41.74157140469599,29.28,0.9432538269846922,36.98518194242193,0.7957946998181274,0.11394850031302262,49.3044780137633,1.2474490517615324,-0.18118404158154133,41.590672886018815,1.0003049477396102,0.003615065595259259,39.75147017284469,0.9353654564409668,0.047676720470265055
carbon,USA|florida,12.93985992969012,11.102499999999997,0.7644480478982162,8.733974504446074,0.4603768770557029,0.32503330392269303,20.108941487844852,1.0796959154390908,-0.5540308470963808,10.843494656899866,0.6394467390340448,0.162008343535482,9.977709105060354,0.5878621576610636,0.22891676113380488
carbon,USA|georgia,18.20263190676923,15.452499999999995,0.5505620008184414,17.40675038018259,0.513843204549521,0.043723431351191944,19.527124211113602,0.5958821914632098,-0.07276378004720385,18.27463467882288,0.5126528967605383,-0.003955624242825806,23.99174779890746,0.7884929502152521,-0.318037299319631
carbon,USA|idaho,40.955285169723005,29.455000000000002,0.8688939146494744,35.17109852431557,0.841420201472388,0.14123175119980635,21.832107441113138,0.5181426395285016,0.46692820351174236,26.848248384228167,0.7050428291427717,0.3444497267454931,28.451019366966623,0.712715979722375,0.3053150710814829
carbon,USA|illinois,24.644532016926867,18.77916666666667,0.7736207279994864,33.743190411196785,1.2285719529525523,-0.3691958276189051,30.761793360939606,1.082924019152672,-0.24821982173616264,16.073320807885725,0.5330148730581129,0.3477936283453906,24.013969762734988,0.8823474136817769,0.02558629450779526
carbon,USA|indiana,22.64175162540804,19.56666666666668,1.1623562228803646,27.20990334255637,1.3072592731061374,-0.20175787601265172,28.367843439924005,1.47910008879496,-0.2528996832599417,21.320742978684642,1.0245210658223913,0.058343924470975805,26.881115266577222,1.3159387229731845,-0.1872365579883788
carbon,USA|iowa,55.766522215393714,48.34666666666667,1.0441276583091679,46.454954640108596,0.8397161758060783,0.16697414874321792,72.31291855027962,1.1844393538349642,-0.29670841353485833,46.926844102694346,0.8296529956466222,0.1585122715480951,48.194148485984066,0.852291347186176,0.13578708925333305
carbon,USA|kansas,69.1009662257579,53.80666666666667,1.0506943481447732,72.20179428566519,1.226856246303488,-0.044873874118875,68.13058313994382,1.1459489303882635,0.01404297419870748,48.69953374129178,0.8219862900943837,0.2952409148348686,51.743460656548855,0.8508184204832219,0.2511904900504691
carbon,USA|kentucky,11.689319198881254,9.301666666666677,0.6774470196141563,11.445693852854466,0.6807613586731864,0.02084170531078522,16.77461772915434,1.0562937811748547,-0.43503804145923075,16.60782500191624,1.0313669322018382,-0.42076922696282604,18.41310316624968,1.120197954180147,-0.5752074909556697
carbon,USA|louisiana,18.76946966929719,14.017500000000007,0.6092904737681764,19.02940086046279,0.6639987898119671,-0.01384861670283577,16.84693970217413,0.6233764329182576,0.10242857155777318,22.678540027070014,0.8854976900684894,-0.20826749112508058,19.14680316680758,0.7425456337685811,-0.02010357799973561
carbon,USA|maine,38.65480996374622,25.14833333333334,0.8294830534705102,38.46510938645196,0.9746166477210568,0.00490755425966849,38.43521394903061,0.95026335399076,0.005680949276986813,30.022803698333124,0.7424402503866856,0.22331001687782004,42.261072212965765,1.1589242613606103,-0.09329401056690756
carbon,USA|maryland,38.27698688507234,26.84750000000001,0.6137745605991708,40.79027098566133,0.7445302532129721,-0.06566044783345126,35.25839682808763,0.6417824411495688,0.0788617470347941,33.131291852790966,0.6052554759691281,0.13443312682190633,26.636429452800257,0.5080315950424736,0.30411373463703306
carbon,USA|massachusetts,20.6476300092771,17.337500000000002,0.5698832401223336,22.50027482667996,0.6437808416238439,-0.08972675394563212,31.29345860025198,0.8420516988065104,-0.5155956681803988,24.66394236315339,0.6449733809691368,-0.19451686959092807,27.432927731197772,0.735783258340943,-0.3286235620684794
carbon,USA|michigan,24.218949708854016,19.772500000000004,0.5729131781757562,22.575814197081318,0.4567882709656428,0.06784503587172475,24.058126718122583,0.5482887149448193,0.0066403784088390205,24.208851333979496,0.531528963849879,0.0004169617178249041,21.762596639632932,0.4984108787613042,0.10142277426353818
carbon,USA|minnesota,36.469134895141124,26.400000000000002,0.7748348807557787,36.04994000324607,0.9338176159366768,0.011494511539699381,43.89225663689725,1.0545359784045187,-0.20354532025779215,23.286306399379875,0.5588719038734572,0.3614790571168067,19.108814802937296,0.46411226138982714,0.47602774626049016
carbon,USA|mississippi,30.89509858645326,20.218333333333334,0.533792871231818,18.454668710930527,0.3387936506887172,0.4026667803215088,30.857175208994395,0.733393810584298,0.0012274884753238346,20.526697249632385,0.4519205455459611,0.33560020233653387,9.801733926898322,0.18484313993685728,0.6827414581808087
carbon,USA|missouri,80.24660974147132,60.16416666666668,1.6251005576422832,82.06862059898737,1.8789235313104122,-0.022705144346732986,61.55017121256883,1.465458390077732,0.23298726998107933,35.47506114545465,0.7674735867598982,0.5579244872805984,40.570824209989176,0.8448890361192932,0.49442319942617785
carbon,USA|montana,64.60786819988206,53.279999999999994,0.9653136996444719,58.187121692309425,0.7764638120819541,0.09938025640636072,80.07164132598022,1.1320001410293203,-0.23934814066696575,61.72713995675167,0.8458107526664397,0.04458788570794614,56.579811478908034,0.7159152450760652,0.12425818936072996
carbon,USA|nebraska,44.63434813384569,38.39000000000001,0.6914593773391223,38.64182395251962,0.6043295450450673,0.13425813150348243,50.68852259864968,0.7498797265497988,-0.13563936111824115,46.74134238234558,0.6065582119990576,-0.047205668651900456,30.39639728483543,0.47110944783054365,0.3189908992580043
carbon,USA|nevada,26.641938899662183,20.69749999999999,0.9297190585156416,19.701078618729806,0.774460565995075,0.26052384201738354,24.353822335813273,0.8311329717794833,0.08588401063700069,14.062101768359124,0.5280309753792463,0.4721817424280096,13.887054401336801,0.5237930697130911,0.47875211133702855
carbon,USA|new hampshire,64.65770777718616,45.360833333333325,0.7993103487903649,51.780774517524975,0.7107462145773871,0.19915542481084814,34.63120961254861,0.4842704696095747,0.46439162780268106,28.537866874861635,0.43768984155184454,0.5586316333204293,22.513127498817312,0.2922532863855512,0.6518106151180192
carbon,USA|new jersey,21.71319894288572,17.042500000000004,0.6306942057007089,15.147698845542086,0.39285473790380354,0.30237369051946195,27.59125439015639,0.9063121694320766,-0.2707134707664345,21.39688075507565,0.7047138057544459,0.014568014074854418,19.809821016898493,0.6631081589675493,0.0876599496460132
carbon,USA|new mexico,61.90381524321959,49.00916666666668,1.6325978120232516,85.07175246416087,2.309587059560326,-0.374257016791528,48.390718290445754,1.3660266828944776,0.21829182740483744,53.51156263398416,1.474701068364642,0.1355692306889702,67.11385044401285,2.0010607973038392,-0.08416339413528995
carbon,USA|new york,15.385850371905567,12.620833333333337,0.49524918497539666,16.01315997045753,0.5576989577875782,-0.04077185097922342,24.126731361295505,0.7704083577655183,-0.568111659616209,19.285940172400554,0.5965979131486409,-0.25348548869398324,16.079267255665126,0.5260334614280464,-0.04506847960940341
carbon,USA|north carolina,25.126788825209385,19.251666666666676,0.5887359836901125,30.303284377841255,0.668940326558946,-0.2060150060814121,40.093404237776504,0.976475764996354,-0.5956437775109291,30.60662585604335,0.7574769839598864,-0.21808743922486884,35.463074693483804,0.8889332373693934,-0.4113651744429896
carbon,USA|north dakota,38.818439990980224,28.276666666666667,1.1242106112289114,28.95916722255281,0.7643682607264476,0.25398426033396226,53.517467152845256,1.6660921431459184,-0.3786609447798641,33.46663735866734,1.1316499183438862,0.13786753495391413,27.536049434261024,0.8265153946959616,0.2906451304931562
carbon,USA|ohio,23.44035640371821,18.9675,0.7072826047305926,23.058311633423546,0.7378836972994277,0.016298590504112864,21.047814320608364,0.6719861008884022,0.10206935602439604,17.189043607964496,0.5415891927382397,0.2666901768934752,16.21304911446911,0.48621880892008856,0.30832753413692426
carbon,USA|oklahoma,24.664173916837356,16.80416666666666,0.5569692762924034,25.361159589643368,0.6909823556937601,-0.028259031709560123,42.410918953566764,1.220148392992625,-0.7195353510143039,26.3300264159597,0.7057157230493559,-0.06754138633384854,28.11885884040595,0.7980632839337196,-0.14006894920612778
carbon,USA|oregon,30.998863957678616,21.596666666666664,0.5217056427931874,34.83447530828002,0.5885289902262514,-0.12373393282534462,19.05332963361707,0.3577147979864669,0.3853539387885394,30.141289977405467,0.5595659613818512,0.02766469059782184,29.983732757614888,0.5412925107405658,0.03274736782127374
carbon,USA|pennsylvania,11.444446251348289,9.136666666666665,0.4828494728659014,17.76811371953757,0.8309616525851613,-0.5525533808544281,21.40425993443598,1.0120814037727515,-0.8702748446141997,13.418188358355309,0.6064502744740896,-0.17246287532474458,12.78682419673502,0.6070185092100224,-0.1172951417573902
carbon,USA|rhode island,23.539042036582547,19.868333333333343,2.5670041803006276,23.076025497830607,2.7872752591527563,0.01967015216814505,16.72697826879687,1.786252119223724,0.2893942649492234,6.5837250167851575,0.7702549192197051,0.72030616171409,9.456691789118018,0.9429787279241771,0.5982550277780564
carbon,USA|south carolina,24.121180181187928,17.485000000000003,0.5417657855887917,23.647693568843266,0.5377631155003224,0.019629496102099186,25.819032677804426,0.6135590091868871,-0.07038845047642606,24.572439734895816,0.5686029452650951,-0.018708021345482218,22.63839130115668,0.5190014445755546,0.061472484716468045
carbon,USA|south dakota,35.348102259291565,29.165000000000003,0.425786917703116,23.894268794060874,0.3099200686432509,0.32402965741166345,49.31346262848961,0.6473966754399824,-0.3950809089200007,48.84368351316037,0.6157352510310219,-0.38179082868080627,32.09699133140497,0.4088055756064012,0.09197412930511739
carbon,USA|tennessee,86.8895130323562,75.12083333333332,1.536495695839311,66.08977042831275,0.985799363519246,0.23938150736669428,59.08196379118636,1.1028367872095983,0.3200334340786877,51.95852516569668,0.9222203182815387,0.40201615416640457,43.54910944271035,0.7780368045538345,0.4987990158663521
carbon,USA|texas,20.935870334587634,18.64333333333333,1.1076606471306205,17.960007771326694,0.7758648667844017,0.14214181286481276,27.014293674717102,1.3579750798962498,-0.2903353547278833,16.423737547445963,0.8461670877325099,0.2155216246103362,16.657049689768343,0.702287995229653,0.20437749071030298
carbon,USA|utah,46.21640374369255,39.69416666666666,2.217434512797885,39.80031662612519,1.8275026324584775,0.13882705268782425,47.19112012333579,1.9951438331468718,-0.021090268837204107,41.54477951476178,2.171430156139944,0.10108151761090545,37.152987013145975,1.9677366102980491,0.19610822124565497
carbon,USA|vermont,13.308296910824716,9.301666666666668,0.903201519842387,11.909346516736182,0.8742170970481189,0.10511866420343041,13.651596756269992,1.0473009352912765,-0.025795926236515054,11.215970333931526,0.9744524228616462,0.15721970969789012,8.247540389285339,0.6608116587416877,0.38027078561968763
carbon,USA|virginia,24.285015613199292,17.330000000000002,0.5766881077398858,33.4573604782327,0.9902732729940344,-0.3776956544367258,33.552958970741706,0.8271606290531432,-0.3816321762010786,31.169625345906596,0.9039162438394748,-0.28349208591677444,32.34868309767683,0.9646124046038179,-0.3320429195069081
carbon,USA|washington,23.911227488357845,17.76166666666666,0.5652831189497411,27.994670765939887,0.6973397313127838,-0.17077514232885926,26.626371202053704,0.6345226124551469,-0.11355099670302726,28.510292430736456,0.733775855887554,-0.19233914045683576,27.066495333673274,0.6996257122845628,-0.1319575854837105
carbon,USA|washington dc,47.88967512244506,34.29333333333333,0.7540833255570369,45.2320960009473,0.784277064637107,0.05549378054252452,60.88730794941572,1.1413565447085694,-0.27140783047156014,88.22236000201876,1.7210645212036841,-0.8422000102621383,64.45692914125738,1.2209165964856368,-0.3459462603672483
carbon,USA|west virginia,22.2040077088199,17.605833333333333,1.9674428397326114,23.29070161790263,2.3269474271950554,-0.04894134083060475,25.65275401250291,2.6815727731497576,-0.1553208929175922,13.570119637265242,1.30002516838656,0.3888436801490164,17.380936616332463,1.586410760998252,0.21721624112801996
carbon,USA|wisconsin,23.709038712412344,17.691666666666677,0.5765166488383244,23.64666258281573,0.5412439021434586,0.002630900828718974,33.23306494170794,0.9355988849761643,-0.4017044446559319,28.680175257343983,0.7761811768717884,-0.20967263182750262,27.73776795469446,0.7619501034266174,-0.1699237700503211
carbon,USA|wyoming,39.29162039587235,31.198333333333334,1.6133047797306892,24.541685451125836,0.9633752552748086,0.37539645339483174,57.9747986145392,2.552153190380379,-0.47550032374408135,55.9779065656194,2.3288387234237726,-0.4246779848127611,22.888838347679616,0.8519088382868427,0.4174626010057827
water,Albany River,56.02617143617411,41.20755982122778,0.969214081007341,60.984895459653806,1.1373184990108585,-0.0885072796581996,50.32114286516494,0.8636408593873591,0.1018279212155061,59.99299493064003,1.0736571942212867,-0.0708030442341574,54.15347797810955,0.9407454800838214,0.033425333376526756
water,Bravo,35.507455571999614,27.34081227885365,0.8497219228598658,34.100957349649,0.8833828032329774,0.03961134921364928,29.40418478366426,0.7061835798156121,0.17188702175405257,32.86416726015048,0.6992407070775276,0.07444319141621547,28.088445445739932,0.6376878745461524,0.20894231948599962
water,Brazos River,44.558925050524124,36.0271494263272,0.5186814372953843,46.391777325513345,0.5838049213079088,-0.041133224666237034,49.26410168126457,0.5025767194716015,-0.10559448248370851,60.325234214463094,0.649420976497384,-0.3538305546209204,51.233906415611095,0.5447775954460823,-0.14980122068740198
water,Colorado River (Pacific Ocean),54.5576673185378,42.77372904679325,1.4112796281196618,69.04030865718099,1.944510221142485,-0.2654556554642544,67.84889351935337,1.8235783955807459,-0.24361793408823806,51.2000463690852,1.3414832053866967,0.06154260463243333,58.99414395313075,1.5736173543211813,-0.08131719797861492
water,Columbia River,32.010528628345085,27.282041940635736,0.48498469332494665,22.120231807187803,0.28741043694388874,0.3089701184253326,62.01509274992375,0.9102460424296993,-0.9373342274332155,48.46609200196432,0.688530455640162,-0.514067217217024,50.69430366557713,0.700198062741039,-0.5836759290719022
water,Danube,36.77280151993748,30.11559096251192,0.5407003464550599,20.14619178060456,0.3107446201839862,0.4521442221452261,73.98321239558669,1.0996284662626556,-1.0119003540014342,36.649802650658884,0.5265859167696577,0.0033448327077257867,51.294956259806106,0.7366703674602635,-0.39491564796864886
water,Dniepr,55.251120032805645,51.622029862854156,1.1324291044043744,51.07290282747029,0.9912008688251921,0.07562230779854817,69.26743970951296,1.2656987004686837,-0.25368390122019324,67.9742676000576,1.3817004952345706,-0.2302785456602059,78.6560138196798,1.6157895372855418,-0.42360939964614963
water,Elbe River,40.93515375580298,31.196199169702414,0.7433342278733899,23.574624070164344,0.4538624044641474,0.4240983138649529,45.2567571215905,0.9220929563157612,-0.10557193437131995,35.806316112795606,0.7407994523119262,0.1252917644722492,31.648730528402098,0.66656106749798,0.22685692797927837
water,Ganges,41.644955753916506,35.930563090802856,0.4362364943237033,58.26161425621159,0.6567402033021558,-0.39900771177388905,64.67881120552389,0.6635693551875494,-0.5531007305594546,70.52006639662329,0.6463326973610618,-0.6933639409615946,26.238840347433054,0.2538992579354923,0.36993953115281153
water,Godavari,38.685772893919136,32.514349130185586,0.3583656756029137,24.16185694347697,0.20950004914067802,0.3754330045380875,63.76794009119986,0.6145207681756936,-0.6483563677545987,66.36968830982514,0.605867177551894,-0.7156097279436164,44.95871223418521,0.40492477509661545,-0.16215106668457158
water,Grisalva,66.33312782489723,51.01012682648135,0.6322518731715376,66.93414573818774,0.6711926442246041,-0.009060599627942256,83.6030457873242,0.7487103434648527,-0.2603513286455481,88.57108046607188,0.8545030915101317,-0.33524655583673435,105.12962188580815,1.0262953923229028,-0.5848735817693371
water,Indus,44.66067676532653,38.37254941546344,0.851899791868101,38.40948285594713,0.6757772879212129,0.1399708728604102,21.147944636420032,0.3866513079888342,0.5264750521461246,28.388031589563127,0.5312915485526455,0.36436181344204555,25.483127454564308,0.42628131442298506,0.42940570317669724
water,Krishna,49.95002481359315,33.4483048778007,0.45207009196143644,57.18536537221344,0.6363012939158974,-0.1448515908775143,63.43765404475745,0.6805444688157796,-0.2700224730918219,68.05611400665562,0.7191554950679114,-0.3624840880586542,59.2882768381089,0.5723336116502739,-0.18695189961095826
water,Loire,47.21444895754729,41.1846158116001,0.9579533151580788,32.83307216582999,0.6098177590388881,0.3045969424454845,48.93161046903591,1.0558077793610336,-0.036369407022680766,28.335654406679556,0.5605158023366722,0.3998520573192019,20.19994992359888,0.38393550542598776,0.5721659286596441
water,Mahanadi River (Mahahadi),31.675330408417548,27.2326778366297,0.2869599478735023,27.45688862551473,0.23351785820872456,0.13317751475709283,70.93952085075084,0.560980556063042,-1.2395826637343945,75.96384915643084,0.5853867909102238,-1.398202265831578,38.437548739158885,0.26284799509373397,-0.2134853289152847
water,Mississippi River,38.53933486673097,29.666579325547133,0.6981518385868348,30.568554132759186,0.6673366662495748,0.20682195895530486,33.55145274461155,0.6623962622867129,0.12942315012356886,23.71168971730994,0.44714298492427274,0.3847405566467358,12.875174234529931,0.25771208435751936,0.6659212132473928
water,Nelson River,57.92688727020117,46.6603844115483,1.0170496573649983,36.00796227836553,0.5737799461225674,0.37838948413703566,54.86845613904363,0.8625968418454301,0.052798126660792644,45.62034131168899,0.685362563794872,0.21244963329564115,29.186836264124782,0.5209048188791121,0.4961435416340917
water,Neva,30.148961972461613,25.573989526036794,0.4601396020793523,23.566412400747648,0.33854090038509654,0.2183342026079218,26.694174414858946,0.3800017294009291,0.11459059720723741,26.579236149331127,0.36911886391827675,0.11840294290699338,21.26598783040017,0.3085248940723238,0.2946361519900833
water,Oder River,43.93137483593499,32.78908400215232,0.788045092511899,21.112051477355873,0.441119493754559,0.5194311228319075,49.8836012578925,1.0556117073528017,-0.1354891906794755,39.55095382945066,0.811159614751659,0.09971053769301186,41.455323363706896,0.8935531377224804,0.05636180250390732
water,Rhine,38.954560773330684,33.85190987120387,0.7913487701684456,26.043519049527323,0.465549772478653,0.33143851368085764,35.205189905513876,0.6842350835030117,0.0962498560729178,33.78812343390392,0.6299844171884349,0.13262727744484915,24.814712504681232,0.41505564782041404,0.3629831266979645
water,Senegal,51.229938990747925,44.37325297875427,1.153876753305021,17.733441715844794,0.3547146210186993,0.6538461285490222,67.51593349621129,1.5619804928021914,-0.3178999394944546,41.34897095014168,0.8594886180727788,0.1928748742486447,28.407659726125125,0.6245312720683387,0.44548714509975273
water,St.Lawrence,26.586543398333017,21.139092834602394,0.44044166326192175,44.843980418742575,0.798815976265494,-0.6867172143015141,66.93989291277512,1.1800525480449038,-1.5178110561364764,29.468790538083155,0.46077269933271686,-0.10840999886923464,24.868581433521452,0.39986571377105184,0.06461772555657919
water,Tigris & Euphrates,30.861284173454777,22.661572198408862,0.4507107167701012,48.825878308916536,0.8431263783877779,-0.582107796762195,84.61638876249974,1.4184950225171165,-1.7418298048427365,37.078267174621956,0.6381404770294228,-0.20144926459394363,34.84976335638135,0.5854461331332305,-0.12923892474822063
water,Wisla,23.880259516607595,19.467637946317748,0.47590812359538087,18.358352518359666,0.35704728539948394,0.23123312350972158,40.87259287849797,0.9048352908519725,-0.7115640158798529,31.47665445665877,0.662727621249248,-0.31810353378983347,27.85454334775771,0.5665242434335186,-0.1664254874778972
